{
  "norm_stats": {
    "state": {
      "mean": [
        -46.36558532714844,
        -535.3704223632812,
        311.6040344238281,
        170.76927185058594,
        0.5171648263931274,
        -12.926774978637695,
        789.0752563476562
      ],
      "std": [
        230.06546020507812,
        91.97248077392578,
        39.275569915771484,
        56.773345947265625,
        0.033896442502737045,
        47.293418884277344,
        146.2220001220703
      ],
      "q01": [
        -462.46038818359375,
        -654.1530151367188,
        223.490966796875,
        -179.99916076660156,
        0.5059323906898499,
        -98.02909088134766,
        568.0
      ],
      "q99": [
        324.5076904296875,
        -334.82305908203125,
        348.11865234375,
        179.9264678955078,
        0.683784008026123,
        43.81041717529297,
        919.99365234375
      ]
    },
    "actions": {
      "mean": [
        -45.910152435302734,
        -535.6144409179688,
        311.61712646484375,
        179.9862518310547,
        0.5131329298019409,
        -13.325981140136719,
        745.3920288085938
      ],
      "std": [
        230.74205017089844,
        91.9799575805664,
        39.27815628051758,
        0.0,
        0.00045674529974348843,
        47.47689437866211,
        215.21414184570312
      ],
      "q01": [
        -462.7208251953125,
        -660.0201416015625,
        223.4982452392578,
        179.98606872558594,
        0.5131329298019409,
        -97.99873352050781,
        360.0
      ],
      "q99": [
        324.3559265136719,
        -334.8592834472656,
        348.0828857421875,
        179.98609924316406,
        0.5131330490112305,
        43.944488525390625,
        959.93603515625
      ]
    }
  }
}